{"stats":{"minecraft:custom":{"minecraft:jump":33,"minecraft:time_since_rest":4300,"minecraft:damage_dealt":10,"minecraft:leave_game":3,"minecraft:crouch_one_cm":690,"minecraft:play_time":4300,"minecraft:sprint_one_cm":3671,"minecraft:time_since_death":4300,"minecraft:walk_one_cm":2541,"minecraft:sneak_time":449,"minecraft:total_world_time":4300,"minecraft:fall_one_cm":1045,"minecraft:fly_one_cm":9825},"minecraft:mined":{"minecraft:spruce_leaves":1,"minecraft:spruce_log":10},"minecraft:picked_up":{"minecraft:spruce_log":12}},"DataVersion":3120}