{"stats":{"minecraft:killed":{"minecraft:pig":6,"minecraft:cow":7},"minecraft:picked_up":{"minecraft:wooden_axe":1,"minecraft:stick":2,"minecraft:acacia_planks":3,"minecraft:leather":2,"minecraft:wheat_seeds":1,"minecraft:acacia_log":8,"minecraft:beef":15,"minecraft:porkchop":13,"alexsmobs:animal_dictionary":1,"minecraft:cobblestone":9},"minecraft:mined":{"minecraft:grass":7,"minecraft:acacia_log":6,"minecraft:tall_grass":2,"minecraft:stone":9},"minecraft:used":{"minecraft:wooden_axe":28,"minecraft:crafting_table":2,"minecraft:stone_pickaxe":6,"minecraft:wooden_pickaxe":3},"minecraft:killed_by":{"alexsmobs:rhinoceros":1},"minecraft:crafted":{"minecraft:acacia_planks":24,"minecraft:crafting_table":2,"minecraft:stick":12,"minecraft:stone_pickaxe":1,"minecraft:wooden_pickaxe":1,"minecraft:wooden_axe":1},"minecraft:custom":{"minecraft:time_since_rest":3149,"minecraft:crouch_one_cm":414,"minecraft:play_time":4619,"minecraft:sprint_one_cm":16612,"minecraft:walk_one_cm":5688,"minecraft:damage_taken":240,"minecraft:deaths":1,"minecraft:sneak_time":239,"minecraft:walk_under_water_one_cm":453,"minecraft:mob_kills":13,"minecraft:jump":116,"minecraft:damage_dealt":1300,"minecraft:walk_on_water_one_cm":359,"minecraft:time_since_death":3105,"minecraft:total_world_time":4619,"minecraft:swim_one_cm":3720,"minecraft:interact_with_crafting_table":3,"minecraft:fall_one_cm":1788,"minecraft:fly_one_cm":20429}},"DataVersion":3465}