{"stats":{"minecraft:custom":{"minecraft:time_since_rest":2145,"minecraft:crouch_one_cm":876,"minecraft:walk_one_cm":5465,"minecraft:sprint_one_cm":10365,"minecraft:play_time":3875,"minecraft:damage_taken":705,"minecraft:deaths":2,"minecraft:sneak_time":291,"minecraft:drop":8,"minecraft:jump":114,"minecraft:damage_dealt":6,"minecraft:leave_game":2,"minecraft:time_since_death":2122,"minecraft:climb_one_cm":244,"minecraft:total_world_time":3875,"minecraft:fall_one_cm":2631,"minecraft:fly_one_cm":17437,"minecraft:open_chest":2,"minecraft:open_barrel":5},"minecraft:picked_up":{"minecraft:dark_oak_planks":2,"simplyswords:runic_tablet":1,"minecraft:jungle_wood":2,"minecraft:bucket":1,"minecraft:iron_ore":13,"minecraft:bread":2},"minecraft:killed_by":{"minecraft:husk":2},"minecraft:mined":{"minecraft:dark_oak_planks":2,"minecraft:jungle_wood":2},"minecraft:dropped":{"minecraft:bread":7,"minecraft:dark_oak_planks":1},"minecraft:used":{"minecraft:dark_oak_planks":1,"minecraft:leather_leggings":1,"alexsmobs:animal_dictionary":1}},"DataVersion":3120}