{"stats":{"minecraft:custom":{"minecraft:jump":59,"minecraft:time_since_rest":7006,"minecraft:damage_taken":90,"minecraft:damage_dealt":10,"minecraft:leave_game":4,"minecraft:crouch_one_cm":732,"minecraft:play_time":7006,"minecraft:sprint_one_cm":5104,"minecraft:time_since_death":7006,"minecraft:walk_one_cm":2644,"minecraft:sneak_time":509,"minecraft:total_world_time":7006,"minecraft:fall_one_cm":1730,"minecraft:fly_one_cm":18969},"minecraft:used":{"minecraft:dirt":1},"minecraft:mined":{"minecraft:grass_block":1,"minecraft:spruce_leaves":1,"minecraft:spruce_log":10,"minecraft:dirt":1},"minecraft:picked_up":{"minecraft:spruce_log":12,"minecraft:dirt":2}},"DataVersion":3120}