{"stats":{"minecraft:killed":{"minecraft:sheep":5,"minecraft:pig":7},"minecraft:dropped":{"minecraft:white_tulip":1,"minecraft:dirt":2,"minecraft:porkchop":13,"minecraft:mutton":8,"minecraft:wooden_axe":1},"minecraft:custom":{"minecraft:time_since_rest":12966,"minecraft:walk_one_cm":10858,"minecraft:sprint_one_cm":27784,"minecraft:damage_taken":128,"minecraft:mob_kills":12,"minecraft:drop":5,"minecraft:damage_dealt":1140,"minecraft:interact_with_crafting_table":1,"minecraft:fly_one_cm":50572,"minecraft:crouch_one_cm":733,"minecraft:play_time":12966,"minecraft:sneak_time":518,"minecraft:jump":197,"minecraft:leave_game":5,"minecraft:time_since_death":12966,"minecraft:total_world_time":12966,"minecraft:fall_one_cm":5954},"minecraft:crafted":{"minecraft:crafting_table":1,"minecraft:spruce_planks":48,"minecraft:stick":8,"minecraft:wooden_pickaxe":1,"minecraft:wooden_axe":1},"minecraft:used":{"minecraft:wooden_axe":20,"minecraft:flower_pot":2,"minecraft:wooden_pickaxe":20,"minecraft:glow_berries":5,"minecraft:dirt":1,"minecraft:cobblestone":3,"minecraft:crafting_table":1,"minecraft:carrot":6},"minecraft:mined":{"minecraft:potted_pink_tulip":1,"minecraft:sweet_berry_bush":20,"minecraft:spruce_log":10,"minecraft:crafting_table":1,"minecraft:cave_vines_plant":3,"minecraft:grass":2,"minecraft:grass_block":3,"minecraft:cave_vines":12,"minecraft:white_stained_glass":2,"minecraft:dirt":5,"minecraft:cobblestone":1,"minecraft:tall_grass":1,"minecraft:spruce_leaves":1,"minecraft:potted_white_tulip":1,"minecraft:stone":16,"minecraft:moss_block":1,"minecraft:fern":2},"minecraft:broken":{"minecraft:golden_chestplate":1},"minecraft:picked_up":{"minecraft:crafting_table":1,"minecraft:flower_pot":2,"minecraft:sweet_berries":52,"minecraft:porkchop":13,"minecraft:carrot":6,"minecraft:spruce_log":12,"minecraft:golden_chestplate":1,"minecraft:dirt":8,"minecraft:wheat_seeds":1,"minecraft:white_tulip":1,"minecraft:moss_block":1,"minecraft:glow_berries":18,"minecraft:mutton":8,"minecraft:white_wool":5,"minecraft:cobblestone":17}},"DataVersion":3120}