{"stats":{"minecraft:picked_up":{"minecraft:rotten_flesh":2,"minecraft:bread":7,"minecraft:carrot":2},"minecraft:custom":{"minecraft:open_barrel":11,"minecraft:time_since_rest":19080,"minecraft:crouch_one_cm":2864,"minecraft:sprint_one_cm":15806,"minecraft:play_time":19080,"minecraft:damage_taken":269,"minecraft:walk_one_cm":18445,"minecraft:sneak_time":444,"minecraft:drop":1,"minecraft:jump":227,"minecraft:damage_dealt":183,"minecraft:leave_game":3,"minecraft:time_since_death":19080,"minecraft:climb_one_cm":1822,"minecraft:total_world_time":19080,"minecraft:fall_one_cm":4574,"minecraft:fly_one_cm":33384,"minecraft:open_chest":1},"minecraft:mined":{"minecraft:grass":3,"minecraft:vine":1,"minecraft:jungle_leaves":4},"minecraft:dropped":{"simplyswords:runic_tablet":1},"minecraft:used":{"minecraft:rotten_flesh":2,"minecraft:diamond_chestplate":1,"minecraft:bread":3,"minecraft:carrot":5,"minecraft:iron_sword":3}},"DataVersion":3120}