{"stats":{"minecraft:killed":{"alexsmobs:fly":1,"minecraft:pig":1},"minecraft:dropped":{"minecraft:wheat_seeds":1},"minecraft:custom":{"minecraft:time_since_rest":5470,"minecraft:crouch_one_cm":958,"minecraft:play_time":20245,"minecraft:sprint_one_cm":45147,"minecraft:damage_taken":305,"minecraft:walk_one_cm":44914,"minecraft:deaths":1,"minecraft:sneak_time":501,"minecraft:mob_kills":2,"minecraft:pot_flower":1,"minecraft:drop":1,"minecraft:jump":374,"minecraft:damage_dealt":140,"minecraft:leave_game":2,"minecraft:time_since_death":5419,"minecraft:total_world_time":20245,"minecraft:fly_one_cm":63163,"minecraft:fall_one_cm":9254},"minecraft:used":{"minecraft:flower_pot":1,"minecraft:dirt":1,"minecraft:porkchop":2,"alexsmobs:animal_dictionary":1},"minecraft:mined":{"minecraft:grass":9,"minecraft:grass_block":1,"minecraft:tall_grass":16,"minecraft:spruce_leaves":1,"minecraft:spruce_log":2,"minecraft:potted_orange_tulip":1,"minecraft:fern":1},"minecraft:killed_by":{"minecraft:creeper":1},"minecraft:picked_up":{"minecraft:flower_pot":1,"minecraft:orange_tulip":1,"minecraft:wheat_seeds":4,"minecraft:porkchop":2,"alexsmobs:maggot":2,"minecraft:dirt":1}},"DataVersion":3120}