{"stats":{"minecraft:killed":{"minecraft:skeleton":2,"minecraft:pig":1,"alexsmobs:fly":1},"minecraft:dropped":{"minecraft:wheat_seeds":1,"minecraft:golden_chestplate":1,"minecraft:arrow":1,"minecraft:carrot":6,"minecraft:bone":2},"minecraft:custom":{"minecraft:time_since_rest":7881,"minecraft:sprint_one_cm":88352,"minecraft:walk_one_cm":85529,"minecraft:damage_taken":1475,"minecraft:mob_kills":4,"minecraft:drop":6,"minecraft:damage_dealt":561,"minecraft:interact_with_crafting_table":1,"minecraft:fly_one_cm":97576,"minecraft:crouch_one_cm":1211,"minecraft:play_time":32245,"minecraft:deaths":6,"minecraft:sneak_time":669,"minecraft:pot_flower":1,"minecraft:jump":614,"minecraft:leave_game":2,"minecraft:time_since_death":7849,"minecraft:total_world_time":32245,"minecraft:fall_one_cm":12029,"minecraft:horse_one_cm":1714},"minecraft:crafted":{"minecraft:oak_planks":4,"minecraft:crafting_table":1,"minecraft:stick":8,"minecraft:spruce_planks":48,"minecraft:wooden_pickaxe":1},"minecraft:used":{"minecraft:wheat_seeds":5,"minecraft:wooden_axe":14,"minecraft:flower_pot":1,"minecraft:wooden_pickaxe":6,"minecraft:dirt":1,"minecraft:sweet_berries":3,"minecraft:crafting_table":1,"minecraft:porkchop":2,"minecraft:carrot":8,"alexsmobs:animal_dictionary":1,"minecraft:golden_chestplate":1},"minecraft:mined":{"minecraft:carrots":3,"minecraft:wheat":5,"minecraft:sweet_berry_bush":7,"minecraft:spruce_log":4,"minecraft:stripped_spruce_log":10,"minecraft:cave_vines_plant":7,"minecraft:grass":16,"minecraft:cave_vines":4,"minecraft:oak_log":1,"minecraft:grass_block":2,"minecraft:white_stained_glass":2,"minecraft:tall_grass":16,"minecraft:spruce_leaves":1,"minecraft:stone":6,"minecraft:moss_block":1,"minecraft:potted_orange_tulip":1,"minecraft:oak_leaves":1,"minecraft:fern":1},"minecraft:killed_by":{"minecraft:skeleton":4,"minecraft:creeper":1},"minecraft:picked_up":{"minecraft:wooden_axe":1,"minecraft:wheat":5,"minecraft:flower_pot":1,"minecraft:sweet_berries":17,"minecraft:porkchop":15,"minecraft:oak_log":1,"minecraft:stripped_spruce_log":10,"minecraft:spruce_log":2,"minecraft:carrot":11,"minecraft:golden_chestplate":1,"minecraft:dirt":2,"minecraft:arrow":4,"minecraft:bone":6,"minecraft:wheat_seeds":19,"minecraft:orange_tulip":1,"minecraft:white_tulip":1,"alexsmobs:maggot":2,"minecraft:moss_block":1,"minecraft:glow_berries":18,"minecraft:mutton":8,"minecraft:cobblestone":2}},"DataVersion":3120}