{"stats":{"minecraft:dropped":{"minecraft:wheat_seeds":1},"minecraft:custom":{"minecraft:time_since_rest":8373,"minecraft:crouch_one_cm":220,"minecraft:sprint_one_cm":10867,"minecraft:play_time":8373,"minecraft:damage_taken":10,"minecraft:walk_one_cm":22684,"minecraft:sneak_time":271,"minecraft:drop":1,"minecraft:jump":120,"minecraft:damage_dealt":25,"minecraft:leave_game":1,"minecraft:time_since_death":8373,"minecraft:total_world_time":8373,"minecraft:fall_one_cm":4180,"minecraft:fly_one_cm":21855},"minecraft:used":{"minecraft:dirt":1,"alexsmobs:animal_dictionary":1},"minecraft:mined":{"minecraft:grass":7,"minecraft:grass_block":1,"minecraft:tall_grass":11,"minecraft:spruce_leaves":1,"minecraft:spruce_log":2,"minecraft:fern":1},"minecraft:picked_up":{"minecraft:wheat_seeds":4,"minecraft:dirt":1}},"DataVersion":3120}