{"stats":{"minecraft:mined":{"minecraft:jungle_leaves":3,"minecraft:vine":1},"minecraft:picked_up":{"minecraft:rotten_flesh":2,"minecraft:carrot":2},"minecraft:used":{"minecraft:rotten_flesh":1},"minecraft:custom":{"minecraft:jump":123,"minecraft:time_since_rest":11756,"minecraft:crouch_one_cm":233,"minecraft:damage_taken":75,"minecraft:sprint_one_cm":918,"minecraft:play_time":11756,"minecraft:time_since_death":11756,"minecraft:walk_one_cm":5513,"minecraft:sneak_time":31,"minecraft:climb_one_cm":1469,"minecraft:total_world_time":11756,"minecraft:fall_one_cm":2246,"minecraft:fly_one_cm":2483}},"DataVersion":3120}