{
  "dungeons_arise:wda_root": {
    "criteria": {
      "WDA": "2024-11-03 22:58:19 +0000"
    },
    "done": true
  },
  "iceandfire:iceandfire/root": {
    "criteria": {
      "tick": "2024-11-03 22:58:19 +0000"
    },
    "done": true
  },
  "minecraft:husbandry/root": {
    "criteria": {
      "consumed_item": "2024-11-03 23:16:58 +0000"
    },
    "done": true
  },
  "alexsmobs:alexsmobs/root": {
    "criteria": {
      "useitem": "2024-11-03 23:16:58 +0000"
    },
    "done": true
  },
  "DataVersion": 3120
}